slug,title,area,intent,gen,primary_partner,secondary_partner,meta_description,primary_key_word,seo_title,canonical_slug or canonical_url,og_title,og_description,og_image,faq_schema,robots
apartments-in-bratislava,Apartments Bratislava,,pillar,,expats,booking,"rental market, move to Slovakia, flats, relocation",apartments for rent Bratislava,"Apartments in Bratislava: Areas, Prices & Rental Tips",/apartments-in-bratislava/,"Apartments in Bratislava: Areas, Prices & Rental Tips","Compare the best areas to rent in Bratislava, typical price levels, and practical tips for finding the right apartment faster.",,yes,"index,follow"
where-to-live-in-bratislava,Where to live in Bratislava,,pillar,,booking,booking,"neighborhood guide, expat areas, safety, local vibe",best districts Bratislava,Where to Live in Bratislava: Best Areas for Renters,/where-to-live-in-bratislava/,Where to Live in Bratislava: Best Areas for Renters,"A practical guide to Bratislava neighborhoods for expats, professionals, students, and anyone comparing where to live.",,yes,"index,follow"
monthly-rentals-Bratislava,Monthly rentals in Bratislava,,pillar,,monthly,booking,"mid-term housing, serviced apartments, no long contract",Bratislava monthly rentals,Monthly Rentals in Bratislava: Flexible Mid-Term Options,/monthly-rentals-Bratislava/,Monthly Rentals in Bratislava: Flexible Mid-Term Options,"Looking for a monthly rental in Bratislava? Compare flexible apartment options, best areas, and what to check before booking.",,yes,"index,follow"
bratislava-district-guide,Bratislava District Guide,,pillar,,booking,booking,"guide to neighborhoods, property prices, transport",Bratislava district map,Bratislava District Guide: Best Areas for Apartments,/bratislava-district-guide/,Bratislava District Guide: Best Areas for Apartments,"Explore Bratislava districts, from central areas to quieter residential neighborhoods, and match each area to rental needs.",,yes,"index,follow"
student-apartments-Bratislava,Student Apartments Bratislava,,pillar,,students,booking,"near universities, shared flats, budget-friendly, Erasmus",student accommodation Bratislava,Student Apartments in Bratislava: Best Areas & Budget Tips,/student-apartments-Bratislava/,Student Apartments in Bratislava: Best Areas & Budget Tips,"Find student apartments in Bratislava near universities, transport, and shared housing options with realistic budget guidance.",,yes,"index,follow"
housing-for-expats-Bratislava,Housing For Expats Bratislava,,pillar,,expats,booking,"English speaking agents, relocation services, luxury rentals",expat housing Bratislava,Expat Housing in Bratislava: Best Areas & Rental Advice,/housing-for-expats-Bratislava/,Expat Housing in Bratislava: Best Areas & Rental Advice,"A guide to expat housing in Bratislava, with neighborhood suggestions, relocation tips, and apartment search advice.",,yes,"index,follow"
digital-nomad-apartments-bratislava,Digital Nomad Apartments Bratislava,,pillar,,nomads,booking,"fast wifi, coworking, flexible terms, central location",Bratislava digital nomad housing,Digital Nomad Apartments in Bratislava: Where to Stay,/digital-nomad-apartments-bratislava/,Digital Nomad Apartments in Bratislava: Where to Stay,"Find digital nomad-friendly apartments in Bratislava with central locations, solid transport links, and flexible rental options.",,yes,"index,follow"
cheap-apartments-bratislava,Cheap Apartments Bratislava,,cheap,,booking,expats,"budget rentals, affordable neighborhoods, lower rent areas, cost-saving tips",cheap apartments Bratislava,Cheap Apartments in Bratislava: Best Affordable Areas,/cheap-apartments-bratislava/,Cheap Apartments in Bratislava: Best Affordable Areas,"Looking for cheap apartments in Bratislava? Compare affordable neighborhoods, trade-offs, and practical rental tips.",,yes,"index,follow"
furnished-apartments-bratislava,Furnished Apartments Bratislava,,furnished,,booking,monthly,"move-in ready flats, furnished rentals, flexible stays, expat-friendly options",furnished apartments Bratislava,Furnished Apartments in Bratislava: Move-In Ready Rentals,/furnished-apartments-bratislava/,Furnished Apartments in Bratislava: Move-In Ready Rentals,Browse furnished apartments in Bratislava and learn which areas work best for easy move-ins and flexible stays.,,yes,"index,follow"
pet-friendly-apartments-bratislava,Pet Friendly Apartments Bratislava,,pets,,expats,booking,"pet-friendly rentals, dog-friendly neighborhoods, landlord rules, practical search tips",pet friendly apartments Bratislava,Pet-Friendly Apartments in Bratislava: Where to Look,/pet-friendly-apartments-bratislava/,Pet-Friendly Apartments in Bratislava: Where to Look,"Find pet-friendly apartments in Bratislava, with guidance on suitable areas, landlord restrictions, and search strategy.",,yes,"index,follow"
family-apartments-bratislava,Family Apartments Bratislava,,family,,booking,expats,"family neighborhoods, parks, schools, larger flats, quieter residential areas",family apartments Bratislava,Family Apartments in Bratislava: Best Areas for Families,/family-apartments-bratislava/,Family Apartments in Bratislava: Best Areas for Families,"Explore family-friendly apartment areas in Bratislava, including quieter districts, green space, and practical trade-offs.",,yes,"index,follow"
short-term-apartments-bratislava,Short Term Apartments Bratislava,,short-term,,booking,monthly,"short stays, temporary housing, flexible booking, serviced flats, relocation stays",short term apartments Bratislava,Short-Term Apartments in Bratislava: Flexible Stay Options,/short-term-apartments-bratislava/,Short-Term Apartments in Bratislava: Flexible Stay Options,"Need a short-term apartment in Bratislava? Compare flexible areas, temporary housing options, and what to watch for.",,yes,"index,follow"
apartments-in-stare-mesto-bratislava,Apartments in Staré Mesto Bratislava,Staré Mesto,district,,booking,expats,"old town rentals, central living, walkability, historic core, premium pricing",apartments in Staré Mesto Bratislava,Apartments in Staré Mesto Bratislava: Old Town Guide,/apartments-in-stare-mesto-bratislava/,Apartments in Staré Mesto Bratislava: Old Town Guide,"Thinking about renting in Staré Mesto? Compare lifestyle, pricing, and who this central Bratislava area suits best.",,yes,"index,follow"
apartments-in-ruzinov-bratislava,Apartments in Ružinov Bratislava,Ružinov,district,,booking,expats,"residential district, local amenities, transport links, mixed pricing, everyday living",apartments in Ružinov Bratislava,Apartments in Ružinov Bratislava: Area Guide for Renters,/apartments-in-ruzinov-bratislava/,Apartments in Ružinov Bratislava: Area Guide for Renters,"A guide to apartments in Ružinov, one of Bratislava’s practical residential areas with strong amenities and transport.",,yes,"index,follow"
apartments-in-nove-mesto-bratislava,Apartments in Nové Mesto Bratislava,Nové Mesto,district,,booking,expats,"mixed-use district, business access, transport, local neighborhoods, rental comparison",apartments in Nové Mesto Bratislava,Apartments in Nové Mesto Bratislava: Area Guide,/apartments-in-nove-mesto-bratislava/,Apartments in Nové Mesto Bratislava: Area Guide,"Explore apartments in Nové Mesto, with a clear look at lifestyle, transport, and which renters this area fits.",,yes,"index,follow"
apartments-in-petrzalka-bratislava,Apartments in Petržalka Bratislava,Petržalka,district,,booking,expats,"value for money, larger housing stock, Danube access, local transport, residential feel",apartments in Petržalka Bratislava,Apartments in Petržalka Bratislava: Value & Lifestyle Guide,/apartments-in-petrzalka-bratislava/,Apartments in Petržalka Bratislava: Value & Lifestyle Guide,"Considering Petržalka? Learn about pricing, apartment stock, transport, and what daily life is like in the district.",,yes,"index,follow"
apartments-in-karlova-ves-bratislava,Apartments in Karlova Ves Bratislava,Karlova Ves,district,,booking,students,"green residential area, student appeal, quieter streets, tram access, local services",apartments in Karlova Ves Bratislava,Apartments in Karlova Ves Bratislava: Quiet Area Guide,/apartments-in-karlova-ves-bratislava/,Apartments in Karlova Ves Bratislava: Quiet Area Guide,"See whether Karlova Ves is right for you, with a renter-focused guide to atmosphere, transport, and housing style.",,yes,"index,follow"
